"DESCRIPTION","DURATION IN MS","NAME","PARENT SUITE","START TIME","STATUS","STOP TIME","SUB SUITE","SUITE","TEST CLASS","TEST METHOD"
"","2961","Sugumar","chromium","2026-10-03","passed","2026-10-03","","signup.spec.js","",""
"","2732","Verify Login Screen","chromium","2026-10-03","passed","2026-10-03","","signup.spec.js","",""
"","3807","Kiresh","chromium","2026-10-03","passed","2026-10-03","","signup.spec.js","",""
"","4744","verify the confirmation by clicking the radio button","chromium","2026-10-03","passed","2026-10-03","","signup.spec.js","",""
"","3774","Sasi","chromium","2026-10-03","passed","2026-10-03","","signup.spec.js","",""
"","8669","has title","chromium","2026-10-03","passed","2026-10-03","","example.spec.js","",""
"","10138","Verify the booking details","chromium","2026-10-03","passed","2026-10-03","","signup.spec.js","",""
"","3032","Kailash","chromium","2026-10-03","passed","2026-10-03","","signup.spec.js","",""
"","3586","verify the hotel search","chromium","2026-10-03","passed","2026-10-03","","signup.spec.js","",""
"","8984","get started link","chromium","2026-10-03","passed","2026-10-03","","example.spec.js","",""
